Raw,Software,Node,RNA,Intensity,Amplitude
1985-04-06_0123_GA_C_R1,PD,Amanda,CCUGAACCCACUAUUGAUGAG,142.2949,1.5295
1985-04-06_0123_GA_C_R2,PD,Amanda,CCUGAACCCACUAUUGAUGAG,72.7144,1.2269
1985-04-06_0123_GA_T_R3,PD,Amanda,CCUGAACCCACUAUUGAUGAG,133.4933,1.7687
1985-04-06_0123_GA_T_R4,PD,Amanda,CCUGAACCCACUAUUGAUGAG,62.0079,1.3316
1985-04-06_0123_GA_C_R1,PD,Sequest,CCUGAACCCACUAUUGAUGAG,112.6438,1.8535
1985-04-06_0123_GA_C_R2,PD,Sequest,CCUGAACCCACUAUUGAUGAG,116.5702,1.8213
1985-04-06_0123_GA_T_R3,PD,Sequest,CCUGAACCCACUAUUGAUGAG,,1.4061
1985-04-06_0123_GA_T_R4,PD,Sequest,CCUGAACCCACUAUUGAUGAG,64.9835,1.9036
1985-04-06_0123_GA_C_R1,MQ,Andromeda,CCUGAACCCACUAUUGAUGAG,97.9349,1.4373
1985-04-06_0123_GA_C_R2,MQ,Andromeda,CCUGAACCCACUAUUGAUGAG,93.6013,1.6476
1985-04-06_0123_GA_T_R3,MQ,Andromeda,CCUGAACCCACUAUUGAUGAG,84.1693,1.9817
1985-04-06_0123_GA_T_R4,MQ,Andromeda,CCUGAACCCACUAUUGAUGAG,144.0198,1.6713